54b2be028433ca9ccf1c0ee4;traffic
54b2be028433ca9ccf1c0ee3;traffic
54b2be028433ca9ccf1c0ee6;frbre,tag
54b2be028433ca9ccf1c0ee5;traffic
561e30ab42fc695f7e6767be;dbowl,lswmo
54b2be028433ca9ccf1c0ee8;edm
54b2be028433ca9ccf1c0ee7;emotion
54b2be028433ca9ccf1c0ee9;edm
587e4f0b7e341093493c3b8d;dqv
54b2be028433ca9ccf1c0eda;dicom
55dd6bf58b5f9f281f4c653b;orges
54b2be028433ca9ccf1c0eca;cdm,cogs,conversion,prov
57d277b4a3a9d3a63d7e632f;hosp
54b2be028433ca9ccf1c0ecb;sport
54b2be028433ca9ccf1c0ecc;pna,pnc,pne,pni,pns,pnt
550007e62e3e52df4a3cc1cd;r4r
54b2be028433ca9ccf1c0ecd;mtlo,oae,onc,voidwh,voidwh
54b2be028433ca9ccf1c0ece;mtlo,voidwh,voidwh
54b2be028433ca9ccf1c0ecf;voidwh
56dff1b5aacd7f0864354b8d;SAN,lifecycle
561b8ea942fc695f7e6722bd;edac,lslife,lsmap,lsweb,lswmo,lswpm
54b2be028433ca9ccf1c0ee0;eclap,km4c
54b2be028433ca9ccf1c0ee1;identity
54b2be028433ca9ccf1c0ee2;pc
54b2be028433ca9ccf1c0ef7;loted
54b2be028433ca9ccf1c0ef6;ruto
551279303d2602017b0eb6ef;pat
54b2be028433ca9ccf1c0ef5;food,oan,osp,vdpp
54b2be028433ca9ccf1c0ef4;cfrl,dbm,hifm,plo,trao,veo
54b2be028433ca9ccf1c0ef9;s4ac
54b2be028433ca9ccf1c0ef8;rel
54b2be028433ca9ccf1c0eeb;qu
54b2be028433ca9ccf1c0eea;opmo
54b2be028433ca9ccf1c0edd;dso,pmlp
54b2be028433ca9ccf1c0ede;opmo
54b2be028433ca9ccf1c0edb;dsn
54b2be028433ca9ccf1c0edc;lexinfo
54b2be028433ca9ccf1c0edf;eclap,km4c
555a694930f688c94e820160;mexalgo,mexcore,mexperf
54b2be028433ca9ccf1c0ef2;lexinfo
555a6ab830f688c94e820170;mexalgo,mexcore,mexperf
54b2be028433ca9ccf1c0ef3;oh
54b2be028433ca9ccf1c0ef0;ngeo,spatial
54b2be028433ca9ccf1c0ef1;ldr,orges
54b2be028433ca9ccf1c0ec6;cro
54b2be028433ca9ccf1c0ec5;geofla,geom,ignf,topo
54b2be028433ca9ccf1c0ec8;eli
54b2be028433ca9ccf1c0ec7;coll,pav
54b2be028433ca9ccf1c0ec2;aos
54b2be028433ca9ccf1c0ec1;place
54b2be028433ca9ccf1c0ec4;geofla,geom
54b2be028433ca9ccf1c0ec3;aos,mil
54b2be048433ca9ccf1c1000;grddl
54b2be048433ca9ccf1c1001;test
55dd6c868b5f9f281f4c6544;orges
54b2be028433ca9ccf1c0ec9;ao,biol,botany,cco,dbug,deps,pr,wi
54b2be028433ca9ccf1c0eac;crsw
54b2be028433ca9ccf1c0ead;itsmo,kees
54b2be028433ca9ccf1c0eae;org
54b2be028433ca9ccf1c0eaf;theatre
54b2be048433ca9ccf1c1003;acl,fowl,vin,xsd
54b2be048433ca9ccf1c1002;earl
54b2be028433ca9ccf1c0eaa;disco,idemo,igeo,xkos
54b2be028433ca9ccf1c0eab;event,olo,tl
54b2be028433ca9ccf1c0ec0;limo
54b2be028433ca9ccf1c0ed9;gts
54b2be028433ca9ccf1c0ed8;org
54b2be028433ca9ccf1c0ed7;sql
54b2be028433ca9ccf1c0ed6;pproc
54b2be028433ca9ccf1c0ed5;pdo
54b2be028433ca9ccf1c0ed4;cogs
57aaf1fdb00b4b1452a7f4f4;plink
54b2be028433ca9ccf1c0ed3;br
54b2be028433ca9ccf1c0ed2;vcard
553614f0ce2c7c7468a478d6;ipo
54b2be028433ca9ccf1c0ebf;pc
54b2be028433ca9ccf1c0ebd;fresnel
54b2be028433ca9ccf1c0ebe;shw
552d4247e1c83cc50c4cd271;gci,ic,iso37120,open311
54b2be028433ca9ccf1c0ebb;pav
54b2be028433ca9ccf1c0ebc;pav
5731e364b5cce30e4a3b562c;ludo,ludo-gm,ludo-gp,ludo-vc,ludo-xapi
587e49d97e341093493c3add;dqv
559cf7771928827f4b01dda2;cart
54b2be028433ca9ccf1c0eba;pav,wfdesc,wfprov
54b2be028433ca9ccf1c0ed0;mtlo,oae,onc,voidwh,voidwh
54b2be028433ca9ccf1c0ed1;zbwext
56c5976e2ba77c902f475597;jup
577e21ea0183b1e80fc6b36c;iot-lite
57692f414a73263716311db4;earth
5751ae852ef0568831d2c6f2;vsearch
55cdab19e4ac2b1c4c59a2ae;km4c
54ff28832e3e52df4a3cbf37;ldvm
55ba5bde7459b3975b63b9bf;gov
56937c21f2fbe51d43acdb85;step
54b2be028433ca9ccf1c0efa;rss
54b2be028433ca9ccf1c0efb;chord
54b2be028433ca9ccf1c0efc;oh,oslo
5514895561a522964c5cc341;cerif
58219c4a37e8a6d933be9bc1;bci
54ff72862e3e52df4a3cc076;foio,pep,rdfp,seas,seas-eval,seas-op,seas-qudt,seas-stats,seas-sys
54b2be028433ca9ccf1c0eed;demlab
54b2be028433ca9ccf1c0eec;ctxdesc,demlab
5500088f2e3e52df4a3cc1d0;r4r
54b2be028433ca9ccf1c0eef;hydra,rdf
54b2be028433ca9ccf1c0eee;game
577d21960183b1e80fc65d63;mdi
55abd4b157613119099d8223;of
551489cf61a522964c5cc346;cerif
57580b112ef0568831d506e3;m3lite
5514540ebec59814522179ef;prog
56507e6d591cccea34ddea66;nlon
551e51770a9573f871db155e;cff,cfp,ssn
54b2be038433ca9ccf1c0f50;dso,pmlp,prov
55a0d24f57613119099c1006;skos
54b2be038433ca9ccf1c0f3a;coun
54b2be038433ca9ccf1c0f3b;remetca
55dd6c488b5f9f281f4c6540;orges
57692f674a73263716311dc7;earth
54b2be038433ca9ccf1c0f3e;crsw
54b2be038433ca9ccf1c0f3f;va
54b2be018433ca9ccf1c0e40;food
55efddc9a71142386b78ff3c;orges
54b2be018433ca9ccf1c0e41;food
54b2be038433ca9ccf1c0f3c;oa,pav,prov,ro,wfdesc,wfprov
54b2be038433ca9ccf1c0f3d;pattern
54b2be018433ca9ccf1c0e42;citof,pattern
5511949cca73f7f51f1aa87f;dm2e
54b2be038433ca9ccf1c0f49;void
54b2be038433ca9ccf1c0f48;limo
54b2be018433ca9ccf1c0e37;rdf
54b2be018433ca9ccf1c0e39;ruto
54b2be018433ca9ccf1c0e38;oslo
571117da31bafaef0e78a48a;SAN
54b2be038433ca9ccf1c0f43;acl,awol,cert
54b2be038433ca9ccf1c0f42;prissma
54b2be038433ca9ccf1c0f41;prov,ro,wfm
54b2be038433ca9ccf1c0f40;ngeo,spatial
54b2be038433ca9ccf1c0f47;opo
571117f231bafaef0e78a495;SAN,lifecycle
54b2be038433ca9ccf1c0f46;iso-thes
54b2be038433ca9ccf1c0f45;geod
587e4a2b7e341093493c3aef;dqv
54b2be038433ca9ccf1c0f44;ngeo,rr,spatial
54b2be038433ca9ccf1c0f2f;wdrs
54b2be018433ca9ccf1c0e3d;gndo
54b2be018433ca9ccf1c0e3e;daia,holding,service,ssso
54b2be018433ca9ccf1c0e3b;phdd
54b2be018433ca9ccf1c0e3c;disco,phdd
55efdd90a71142386b78ff35;orges
54b2be018433ca9ccf1c0e3f;gndo,gndo
555a6a0030f688c94e820167;mexalgo,mexcore,mexperf
56dff1beaacd7f0864354b96;ioto
54b2be038433ca9ccf1c0f2a;ngeo,spatial
54b2be038433ca9ccf1c0f2b;locn,person,radion,rov,wdrs
54b2be018433ca9ccf1c0e52;msr
55144cc2622f09ae30db3b6c;ecpo,holding
54b2be038433ca9ccf1c0f2c;frad,frbrer,isbd,rdaa,rdac,rdae,rdai,rdam,rdau,rdaw
54b2be018433ca9ccf1c0e53;nsl,pna,pnc,pne,pni,pns,pnt
54b2be018433ca9ccf1c0e50;scot
54b2be038433ca9ccf1c0f2d;dcam
54b2be038433ca9ccf1c0f2e;eac-cpf,limoo,oad,shoah
54b2be018433ca9ccf1c0e51;oa,ore
54b2be018433ca9ccf1c0e46;ostop
54b2be038433ca9ccf1c0f38;adms,dqv,radion
54b2be038433ca9ccf1c0f37;ngeo,spatial
54b2be018433ca9ccf1c0e45;olca
54b2be018433ca9ccf1c0e44;disco,qb
54b2be018433ca9ccf1c0e43;vrank
56e69313aacd7f0864390f88;eccrev,pubsub
54b2be038433ca9ccf1c0f39;algo,m3lite,security,stac
54b2be018433ca9ccf1c0e49;ntag
54b2be018433ca9ccf1c0e48;awol,rev,scovo,tag
54b2be018433ca9ccf1c0e47;dso,pmlp
54b2be038433ca9ccf1c0f30;place,wlo
577e221e0183b1e80fc6b37c;iot-lite
54b2be038433ca9ccf1c0f32;biro,c4n,c4o,cito,citof,coll,dcite,deo,doco,fabio,frapo,pattern,pro,pso,pwo,scoro,tvc,vag
54b2be038433ca9ccf1c0f31;cerif,itm,spcm,swpm,vmm,wikim
54b2be038433ca9ccf1c0f34;ao,cco,co,is,mo,olo,pbo,pr,rec,sim,tac,wi,wo
54b2be018433ca9ccf1c0e3a;ngeo,spatial
54b2be038433ca9ccf1c0f33;ngeo,spatial
54b2be038433ca9ccf1c0f36;sp,spin
54b2be038433ca9ccf1c0f35;dm2e,edm
54b2be038433ca9ccf1c0f71;api,odrs,vs,wlo
54b2be038433ca9ccf1c0f72;vrank
54b2be038433ca9ccf1c0f70;bio,cs,frbr,frbre,rel,sdmx,transit,vann
55efdd70a71142386b78ff32;orges
54b2be038433ca9ccf1c0f5e;earth,opmo,opmw,p-plan,prov,ro,vgo,wf-invoc,wfdesc,wfm,wfprov
54b2be038433ca9ccf1c0f5f;earth,opmw,p-plan,wf-invoc,wfm
54b2be038433ca9ccf1c0f5c;dso,opmo,pmlp
54b2be038433ca9ccf1c0f5d;orges,pproc,ro,wfdesc,wfm,wfprov
54b2be038433ca9ccf1c0f5a;dcat,odapp
54b2be038433ca9ccf1c0f5b;dul,infor,irw,lmm1,lmm2,odpart,pwo,seq,situ
54b2be038433ca9ccf1c0f69;api,org,pay,qb,sdmx,sdmx-code
54b2be038433ca9ccf1c0f68;dpn,op
54b2be038433ca9ccf1c0f67;ruto
54b2be038433ca9ccf1c0f66;ngeo,spatial
58415e926002ada739d0265a;seas
54b2be038433ca9ccf1c0f65;emotion,ntag,prissma,provoc,s4ac
54b2be038433ca9ccf1c0f64;mexalgo,mexcore,mexperf,ruto
54b2be038433ca9ccf1c0f63;bibo,mo,umbel
54b2be038433ca9ccf1c0f62;con,doc,geo,gso,log
57111a8231bafaef0e78a59d;obws
57d27a0ea3a9d3a63d7e6450;trao
54b2be038433ca9ccf1c0f60;lode
54b2be038433ca9ccf1c0f4d;sport
54b2be038433ca9ccf1c0f4e;ngeo,spatial
54b2be038433ca9ccf1c0f4f;osp
55ae8258cff711cc3f2b1887;dtype
5534db6b92fbe6e5228e6fce;tmo
54b2be038433ca9ccf1c0f4a;ep,hdo,lyou,oo,prog,uri4uri
54b2be038433ca9ccf1c0f4b;lv
54b2be038433ca9ccf1c0f4c;aiiso
54b2be038433ca9ccf1c0f59;api,odv,pay,qb,sdmx,sdmx-code
54b2be038433ca9ccf1c0f56;gd
54b2be038433ca9ccf1c0f55;pc
54b2be038433ca9ccf1c0f58;cal
54b2be038433ca9ccf1c0f57;ex,exif,lingvo,music,ont,whois
54b2be038433ca9ccf1c0f52;scovo
54b2be038433ca9ccf1c0f51;irw,vcard
54b2be038433ca9ccf1c0f54;wfm
54b2be038433ca9ccf1c0f53;sao,sdo,sro
54b2be038433ca9ccf1c0f7f;aiiso,part,place
54b2be038433ca9ccf1c0f7e;cold,csp
54b2be038433ca9ccf1c0f7d;gen
54b2be048433ca9ccf1c0ff9;rdaa
54b2be038433ca9ccf1c0f7c;blt
54b2be038433ca9ccf1c0f90;dbowl,sio,tmo
54b2be048433ca9ccf1c0ff4;essglobal
54b2be048433ca9ccf1c0ff2;crm
54b2be048433ca9ccf1c0ff1;essglobal
54b2be038433ca9ccf1c0f94;pproc
54ff61b12e3e52df4a3cc032;dita
54b2be038433ca9ccf1c0f93;hw,shw
54b2be048433ca9ccf1c0ff6;agls
54b2be038433ca9ccf1c0f92;bibtex
551195dbca73f7f51f1aa8af;dm2e
54b2be038433ca9ccf1c0f91;gtfs
54b2be038433ca9ccf1c0f86;lio
54b2be038433ca9ccf1c0f87;mexalgo,mexcore,mexperf,nif,rlog,ruto
54b2be038433ca9ccf1c0f84;citof
56c593bb2ba77c902f475475;provoc
54b2be038433ca9ccf1c0f85;cogs
54b2be048433ca9ccf1c0ff0;gvp
54b2be038433ca9ccf1c0f88;nsl,pna,pnc,pne,pni,pns,pnt,sport
54b2be038433ca9ccf1c0f89;ro,skos,swc,wfdesc,wfprov
57b712b6a3a9d3a63d7709de;ucum
54b2be048433ca9ccf1c0fdb;kdo
54b2be038433ca9ccf1c0f7a;interval,sport
54b2be048433ca9ccf1c0fde;oecc
54b2be038433ca9ccf1c0f7b;dvia,geofla,geom,ignf,lode,odapps,poste
54b2be048433ca9ccf1c0fdc;sdmx,sdmx-dimension
54b2be048433ca9ccf1c0fdd;coll
54b2be038433ca9ccf1c0f6c;lsc
54b2be048433ca9ccf1c0fe8;saws
54b2be038433ca9ccf1c0f6b;biro,c4n,c4o,cito,dcite,deo,doco,fabio,frapo,pro,pso,pwo,scoro,tvc,whisky
54b2be038433ca9ccf1c0f6e;daq,dqv
54b2be038433ca9ccf1c0f6d;wfm
54b2be038433ca9ccf1c0f6f;ha
54b2be048433ca9ccf1c0fe0;bbc,bbccms,bbccore,cwork
5527e5a64727af98034d327b;omn,omnfed,omnlc
54b2be048433ca9ccf1c0fe3;g50k,osadm,osgeom,osspr,postcode
54b2be048433ca9ccf1c0fe2;lib
54b2be038433ca9ccf1c0f81;s4ac
54b2be038433ca9ccf1c0f80;lvont
54b2be038433ca9ccf1c0f83;dcat
54b2be048433ca9ccf1c0fe7;akt,akts
54b2be038433ca9ccf1c0f82;mo
54b2be038433ca9ccf1c0f73;vag
54b2be038433ca9ccf1c0f74;po
54b2be038433ca9ccf1c0f75;lode
54b2be038433ca9ccf1c0f76;opmo
54b2be038433ca9ccf1c0f77;ebucore,ma-ont
54b2be038433ca9ccf1c0f78;qb,sdmx-code
54b2be038433ca9ccf1c0f79;iso-thes
54b2be048433ca9ccf1c0fcc;hr,msm
54b2be048433ca9ccf1c0fcd;oad
54b2be038433ca9ccf1c0f6a;cco,wi
587e4a827e341093493c3b10;dqv
555c37a230f688c94e821ff8;bio
56507e55591cccea34ddea61;nlon
5500be68fb2530cc219dd418;cbo
54b2be018433ca9ccf1c0e4d;wai
54b2be018433ca9ccf1c0e4c;cold
54b2be018433ca9ccf1c0e4f;conversion,sd
54b2be018433ca9ccf1c0e4e;being,date,oc,osr,trait
54b2be018433ca9ccf1c0e4a;ucum,wai
54b2be018433ca9ccf1c0e4b;moac
54b2be048433ca9ccf1c0ffe;uniprot
55795aafa866afd621a49ba0;tp
54b2be048433ca9ccf1c0fff;oslo
5511cde13d2602017b0eb4d0;ispra,shoah
54b2be048433ca9ccf1c0ffd;ofrd
55dd6c338b5f9f281f4c653f;orges
54b2be048433ca9ccf1c0ffa;acm
54b2be038433ca9ccf1c0f8e;edm
54b2be038433ca9ccf1c0f8d;bevon,juso,juso.kr
54b2be038433ca9ccf1c0f8f;iso-thes
54b2be038433ca9ccf1c0f99;inno
54b2be038433ca9ccf1c0f95;pproc
56e69369aacd7f0864390f8e;eccrev
54b2be038433ca9ccf1c0f96;pproc
54b2be038433ca9ccf1c0f97;blt
54b2be038433ca9ccf1c0f98;blt
54b2be048433ca9ccf1c0fed;essglobal
54b2be038433ca9ccf1c0f8a;blt
54b2be048433ca9ccf1c0fef;disco
54b2be038433ca9ccf1c0f8b;dcam
54b2be038433ca9ccf1c0f8c;arch
54b2be048433ca9ccf1c0fec;itsmo
54b2be028433ca9ccf1c0e67;lsc,moac,teach,tisc
54b2be028433ca9ccf1c0e66;cito,fabio
54b2be028433ca9ccf1c0e65;muto
54b2be028433ca9ccf1c0e64;sport
551194e6ca73f7f51f1aa884;dm2e
54b2be028433ca9ccf1c0e69;scovo
54b2be028433ca9ccf1c0e68;sao,sdo,sro
55312a3a00421f5f6ed69a05;tmo
576967db4a73263716312e20;dbowl
56a233337167907852a78f1a;hto
54b2be028433ca9ccf1c0e5b;ore
54b2be028433ca9ccf1c0e5a;umbel
54b2be048433ca9ccf1c0fa2;stories
54b2be028433ca9ccf1c0e5e;prv,prvt
54b2be028433ca9ccf1c0e5f;ore
54b2be028433ca9ccf1c0e5c;being,date,oc,osr,trait
54b2be048433ca9ccf1c0fa0;algo,security
54b2be028433ca9ccf1c0e5d;po
54b2be048433ca9ccf1c0fa1;algo,security
57d905d0812207ab034e4b63;dataid
552697508c18cd9b5c334add;omn,omnfed,omnlc
555a6a8c30f688c94e82016e;mexalgo,mexcore,mexperf
55148a6f61a522964c5cc34b;cerif
57c3f81ba3a9d3a63d7aa332;cfrl,hifm,veo
54b2be028433ca9ccf1c0e70;marl
54b2be048433ca9ccf1c0fa8;locah
54b2be028433ca9ccf1c0e73;dqv,edm,iso-thes
54b2be048433ca9ccf1c0fa6;hr,msm,wl
54b2be028433ca9ccf1c0e74;geofla,geom,gn,igeo,lingvo,lvont,olca,semio,voaf
54b2be048433ca9ccf1c0fa7;gndo
54b2be048433ca9ccf1c0fa4;essglobal
54b2be028433ca9ccf1c0e71;ntag
5558755230f688c94e81f39d;dqc
54b2be028433ca9ccf1c0e72;bio,csp,ctag,mo,moat,opo,ppo,spt
54b2be028433ca9ccf1c0e54;moac
54b2be028433ca9ccf1c0e56;hdo
54b2be028433ca9ccf1c0e55;opmo,opmv,prov,prv,prvt,void,whisky
54b2be028433ca9ccf1c0e58;voaf
54b2be028433ca9ccf1c0e57;cal,cco,foaf,vs,wi
54b2be028433ca9ccf1c0e59;ucum,wai
555b9e2e30f688c94e820a30;sor
5711183131bafaef0e78a4af;SAN,lifecycle
57692f0b4a73263716311da8;earth
54b2be048433ca9ccf1c0fb2;adms,adms
54b2be048433ca9ccf1c0fb3;og
54b2be028433ca9ccf1c0e60;moat
54b2be028433ca9ccf1c0e61;oa,ore
54b2be028433ca9ccf1c0e62;fresnel
54b2be048433ca9ccf1c0fb8;schema
54b2be028433ca9ccf1c0e63;prov
57580aa92ef0568831d506c8;iot-lite,m3lite
54b2be028433ca9ccf1c0e89;aws,qu
54b2be048433ca9ccf1c0fac;loc,turismo,wai
57d2a412a3a9d3a63d7e77d7;duv
55182fb4896f892e60a7c025;cl
54b2be028433ca9ccf1c0e88;oan,passim
54b2be048433ca9ccf1c0faa;swpo
54b2be028433ca9ccf1c0e87;lyou
54b2be028433ca9ccf1c0e86;pc
54b2be028433ca9ccf1c0e7d;limo
54b2be048433ca9ccf1c0faf;premis
54b2be028433ca9ccf1c0e7c;airs
54b2be028433ca9ccf1c0e7b;doap
54b2be028433ca9ccf1c0e7a;tac
54b2be048433ca9ccf1c0fc0;emotion
54b2be048433ca9ccf1c0fc1;gvp,pext,ptop
54b2be028433ca9ccf1c0e7e;apps4X,dvia,emotion,geofla,geom,ignf,ngeo,odapps,poste,spatial,topo,xbrll
54b2be048433ca9ccf1c0fc2;gml,gsp,sf
54b2be028433ca9ccf1c0e7f;adms,odapp
54b2be048433ca9ccf1c0fc3;cold
54b2be028433ca9ccf1c0e95;apps4X,datex,gtfs,odapps,oh,st
54b2be048433ca9ccf1c0fc8;media
54b2be028433ca9ccf1c0e96;d2rq,dcat,disco,phdd,pr,qb,rdf,rr,sdmx,sdmx-code,search,void,whisky,xkos
55dd6c628b5f9f281f4c6543;orges
54b2be028433ca9ccf1c0e93;geosp,obsm,scip,taxon,txn
54b2be048433ca9ccf1c0fc7;schema
54b2be028433ca9ccf1c0e94;ends,voaf,vs
54b2be028433ca9ccf1c0e91;vcard
54b2be028433ca9ccf1c0e92;va
54b2be028433ca9ccf1c0e90;label
54b2be028433ca9ccf1c0e79;ruto
5558759b30f688c94e81f3a0;dqc
55312a8c00421f5f6ed69a08;tmo
581a1728c1b1a26b51712f50;xbrll
54b2be048433ca9ccf1c0fbb;bf
54b2be028433ca9ccf1c0e76;bibo,frbr
54b2be028433ca9ccf1c0e75;opus
54b2be048433ca9ccf1c0fba;ocd
57612224a7910dac495f07c5;s4ee,saref
54b2be028433ca9ccf1c0e78;cco,foaf,geo,rdfs,schema,vs,wi
54b2be028433ca9ccf1c0e77;sql
54b2be048433ca9ccf1c0fbc;schema
57d7b1cba3a9d3a63d80b361;eli
54b2be048433ca9ccf1c0fbf;dcndl
54b2be028433ca9ccf1c0e6a;cco,wi
5547376c74010c974c70f7d0;npg
54b2be028433ca9ccf1c0e6c;cco,wi
54b2be028433ca9ccf1c0e6b;cco,wi
54b2be048433ca9ccf1c0fd2;uco
57580ad72ef0568831d506da;m3lite
54b2be048433ca9ccf1c0fd3;rdafrbr,rdag1,rdag2,rdag3,rdarel
54b2be028433ca9ccf1c0e6d;mo,pbo,rec,sim
54b2be028433ca9ccf1c0e6e;teach
58219c9637e8a6d933be9bfe;bci
54b2be048433ca9ccf1c0fd4;nao,ncal,nco,nie,nrl
54b2be028433ca9ccf1c0e6f;co
54b2be048433ca9ccf1c0fd5;ofrd
54b2be048433ca9ccf1c0fd6;am,oslc
54b2be028433ca9ccf1c0e82;hr,msm,wl
54b2be048433ca9ccf1c0fd8;cdtype,dcam,dce,dcterms,dctype
54b2be028433ca9ccf1c0e83;ldvm,pc
54b2be048433ca9ccf1c0fd9;mil
54b2be028433ca9ccf1c0e84;nsl
54b2be028433ca9ccf1c0e85;cco,scot,tsioc,wi
56c593aa2ba77c902f475473;provoc
54b2be028433ca9ccf1c0e80;prissma,rdfa,rr
54b2be028433ca9ccf1c0e81;marl,onyx
55f8476a6185ddbd5f7a0299;pproc
551977c9a5bbb2af08c1cca6;lom
56507e40591cccea34ddea57;nlon
55258ae400191ee77225b905;frappe
555a6a2930f688c94e820169;mexalgo,mexcore,mexperf
54b2be038433ca9ccf1c0f00;part,swc
54b2be038433ca9ccf1c0f01;infor,irw,odpart,seq,situ,ti
54b2be038433ca9ccf1c0f02;locn
54b2be038433ca9ccf1c0f03;prov
551278f53d2602017b0eb6ed;pat
54b2be038433ca9ccf1c0f08;opo
54b2be038433ca9ccf1c0f09;c4n,dady,raul,scovo,scsv,spt,void
54b2be038433ca9ccf1c0f04;hr,wl
54b2be038433ca9ccf1c0f05;pc
54b2be038433ca9ccf1c0f06;cco,wi
54b2be038433ca9ccf1c0f07;basic,dq,ext,gf,gm,gts,h2o,li,md,om,oml,op,sam,samfl,thors,tm
56507e2a591cccea34ddea4f;nlon
5711181231bafaef0e78a4a1;SAN,lifecycle
54b2be038433ca9ccf1c0f10;limo
54b2be038433ca9ccf1c0f13;opmo
54b2be038433ca9ccf1c0f14;adms,dcat,locn,person,radion,rov,wdrs
54b2be038433ca9ccf1c0f11;d2rq,fresnel
54b2be038433ca9ccf1c0f12;vra
54b2be038433ca9ccf1c0f17;vcard
54b2be038433ca9ccf1c0f18;ntag
54b2be038433ca9ccf1c0f15;pproc
54b2be038433ca9ccf1c0f16;cs
561b8c5942fc695f7e6722b2;dbowl,edac,lslife,lsmap,lsweb,lswmo,lswpm
54b2be038433ca9ccf1c0f19;ppo,tao
5731e4b5b5cce30e4a3b564c;ludo,ludo-gm,ludo-gp,ludo-vc,ludo-xapi
54b2be038433ca9ccf1c0f0c;va
54b2be038433ca9ccf1c0f0b;cito,coll,dcite,dr,fabio,oa,pav
54b2be038433ca9ccf1c0f0a;acrt
54b2be038433ca9ccf1c0f0f;csp
54b2be038433ca9ccf1c0f0e;being,date,oc,opmo,osr,stories,trait
54b2be038433ca9ccf1c0f0d;hr,msm
5519780ba5bbb2af08c1cca8;lom
54b2be038433ca9ccf1c0f20;raul
54b2be038433ca9ccf1c0f21;acco,ceo,coo,dqc,dqm,gr,tio,uco
54b2be038433ca9ccf1c0f22;ore
54b2be038433ca9ccf1c0f23;dqv,odapp
54b2be038433ca9ccf1c0f24;dsn
54b2be038433ca9ccf1c0f25;sport
54b2be038433ca9ccf1c0f26;vrank
54b2be038433ca9ccf1c0f27;apps4X,odapps,oh
54b2be038433ca9ccf1c0f28;ngeo,spatial
54b2be038433ca9ccf1c0f29;hdo,odapp
55efddada71142386b78ff38;orges
54b2be038433ca9ccf1c0f1b;opmo
54b2be038433ca9ccf1c0f1a;dqm
54b2be038433ca9ccf1c0f1d;opmo
54b2be038433ca9ccf1c0f1c;blt
54b2be038433ca9ccf1c0f1f;raul
56e69342aacd7f0864390f8c;eccrev
54b2be038433ca9ccf1c0f1e;scovo,swc,whisky
56c593792ba77c902f47546c;provoc
55258b6c00191ee77225b9aa;frappe
55dd6c1b8b5f9f281f4c653d;orges
57aaf1a8b00b4b1452a7f4ea;plink
553614abce2c7c7468a478d4;ipo
54ff2ea32e3e52df4a3cbf7c;odrl
55148a0a61a522964c5cc348;cerif
55dd6ca68b5f9f281f4c6547;orges
5548f2d13d2356850c588f7f;vgo
555a69cb30f688c94e820165;mexalgo,mexcore,mexperf
57aaf25ab00b4b1452a7f4f9;plink
5500449a2e3e52df4a3cc3e4;omn,omnfed,omnlc
583a0229cd0ed0472763e0fe;orca
5526979d8c18cd9b5c334b16;omn,omnfed,omnlc
57d905f7812207ab034e4b82;dataid
553e9c91581958526a68e5d2;dio,eem
54b2be038433ca9ccf1c0efe;stories
54b2be038433ca9ccf1c0eff;op
54b2be038433ca9ccf1c0efd;prov
5558f4c030f688c94e81f939;qb4o
5548f2ec3d2356850c588fa2;vgo
5610eedcbbf00b4b0783cebf;uneskos
5511cd6a3d2602017b0eb4cd;shoah
54b2be028433ca9ccf1c0e9a;tac
54b2be028433ca9ccf1c0e9b;tsioc
54b2be028433ca9ccf1c0eb8;qu
54b2be028433ca9ccf1c0e9c;earth,wf-invoc
54b2be028433ca9ccf1c0eb9;qu
54b2be028433ca9ccf1c0e9d;ldr,odrl
54b2be028433ca9ccf1c0e9e;af,chord,co,event,mo,po,scovo,sim,tl
54b2be028433ca9ccf1c0e9f;dogont
54b2be028433ca9ccf1c0eb4;oo
57236d30b5cce30e4a34889e;ispra
54b2be028433ca9ccf1c0eb5;oo
54b2be028433ca9ccf1c0eb6;comm,incident
54b2be028433ca9ccf1c0eb7;qu
54b2be028433ca9ccf1c0eb0;ldr
54b2be028433ca9ccf1c0eb1;dsn
54b2be028433ca9ccf1c0eb2;pr
54b2be028433ca9ccf1c0eb3;spt
5514898461a522964c5cc343;cerif
54b2be048433ca9ccf1c0f9c;time,tzont
54b2be048433ca9ccf1c0f9b;geof
54b2be048433ca9ccf1c0f9a;org
54b2be028433ca9ccf1c0e8f;pni
55efdde2a71142386b78ff3e;orges
54b2be028433ca9ccf1c0e8a;smg
54b2be028433ca9ccf1c0ea9;bag
54b2be028433ca9ccf1c0e8d;inno
54b2be028433ca9ccf1c0e8e;ldr,lingvo,vgo
5500093a2e3e52df4a3cc1d3;r4r
54b2be028433ca9ccf1c0ea7;dso,pmlp
54b2be028433ca9ccf1c0e8b;lio
54b2be028433ca9ccf1c0ea8;daq
54b2be028433ca9ccf1c0e8c;essglobal,lingvo
54b2be048433ca9ccf1c0f9f;algo,security
54b2be028433ca9ccf1c0e99;food
54b2be028433ca9ccf1c0ea5;moac
54b2be028433ca9ccf1c0ea6;pc
54b2be028433ca9ccf1c0ea3;phdd
54b2be048433ca9ccf1c0f9d;org
54b2be028433ca9ccf1c0e97;lingvo
54b2be048433ca9ccf1c0f9e;time,tzont
54b2be028433ca9ccf1c0e98;fresnel
54b2be028433ca9ccf1c0ea4;lexinfo
54b2be028433ca9ccf1c0ea1;prov
54b2be028433ca9ccf1c0ea2;meb,snarm
57580af42ef0568831d506dc;m3lite
54b2be028433ca9ccf1c0ea0;emotion
552fb12ad945656b49788654;open311
55312afa00421f5f6ed69a0b;tmo
554737e274010c974c70f84a;npg
56937bfff2fbe51d43acdb79;step
56a0baceff8848f96bd2c99f;csvw
57d2a3d2a3a9d3a63d7e77b7;duv
57d2a362a3a9d3a63d7e7781;duv
5735f053b5cce30e4a3baa56;lsq,orca